"iteration","model","dataset","aitchison_distance","MEC","RMSE"
48,"Dirichlet_RF","train",0.708693481806596,0.916600137046496,0.120347482961409
48,"Dirichlet_RF","train",0.708693481806596,0.916600137046496,0.0953721360950832
48,"Dirichlet_RF","train",0.708693481806596,0.916600137046496,0.120806120065624
48,"Dirichlet_RF","test",0.73663089439305,0.906587128087361,0.147118279150082
48,"Dirichlet_RF","test",0.73663089439305,0.906587128087361,0.0826054964053231
48,"Dirichlet_RF","test",0.73663089439305,0.906587128087361,0.124551816480898
48,"Dirichlet_regression","train",0.668416397253381,0.920959662668268,0.115905792475959
48,"Dirichlet_regression","train",0.668416397253381,0.920959662668268,0.0915739962844397
48,"Dirichlet_regression","train",0.668416397253381,0.920959662668268,0.119825306288534
48,"Dirichlet_regression","test",0.681044834840898,0.916417314625749,0.13981308331025
48,"Dirichlet_regression","test",0.681044834840898,0.916417314625749,0.0830424915278002
48,"Dirichlet_regression","test",0.681044834840898,0.916417314625749,0.113616076843053
48,"CLR_RF","train",0.589478819568432,0.939006470374543,0.102173383678959
48,"CLR_RF","train",0.589478819568432,0.939006470374543,0.0823444427982966
48,"CLR_RF","train",0.589478819568432,0.939006470374543,0.103429818094206
48,"CLR_RF","test",0.665344883534391,0.91646714911826,0.143516700201429
48,"CLR_RF","test",0.665344883534391,0.91646714911826,0.0843601859964373
48,"CLR_RF","test",0.665344883534391,0.91646714911826,0.107773926842853
48,"ILR_RF","train",0.590060543321114,0.938819930934796,0.102703167117209
48,"ILR_RF","train",0.590060543321114,0.938819930934796,0.0825853897374612
48,"ILR_RF","train",0.590060543321114,0.938819930934796,0.103125311528957
48,"ILR_RF","test",0.665799426659621,0.917296915407318,0.142622211824591
48,"ILR_RF","test",0.665799426659621,0.917296915407318,0.0846249957164762
48,"ILR_RF","test",0.665799426659621,0.917296915407318,0.106938057240036
96,"Dirichlet_RF","train",0.7160541249895,0.901676565628147,0.136434535067848
96,"Dirichlet_RF","train",0.7160541249895,0.901676565628147,0.094967730903326
96,"Dirichlet_RF","train",0.7160541249895,0.901676565628147,0.129139249092029
96,"Dirichlet_RF","test",0.797416184271791,0.899860431937864,0.143540164610567
96,"Dirichlet_RF","test",0.797416184271791,0.899860431937864,0.0980618974209437
96,"Dirichlet_RF","test",0.797416184271791,0.899860431937864,0.127850019844347
96,"Dirichlet_regression","train",0.714143876541142,0.901576918918693,0.136064507955735
96,"Dirichlet_regression","train",0.714143876541142,0.901576918918693,0.0973942128201533
96,"Dirichlet_regression","train",0.714143876541142,0.901576918918693,0.127890271146398
96,"Dirichlet_regression","test",0.763408620458444,0.91068474749144,0.131275616628302
96,"Dirichlet_regression","test",0.763408620458444,0.91068474749144,0.0916377887437507
96,"Dirichlet_regression","test",0.763408620458444,0.91068474749144,0.126100729866514
96,"CLR_RF","train",0.604649075302423,0.929845663162191,0.113747615335176
96,"CLR_RF","train",0.604649075302423,0.929845663162191,0.0855034296009041
96,"CLR_RF","train",0.604649075302423,0.929845663162191,0.106612499324901
96,"CLR_RF","test",0.747567669596274,0.905433288107286,0.136172348495355
96,"CLR_RF","test",0.747567669596274,0.905433288107286,0.0912495346472052
96,"CLR_RF","test",0.747567669596274,0.905433288107286,0.130785099249223
96,"ILR_RF","train",0.604901241118031,0.930136259287918,0.112912983950444
96,"ILR_RF","train",0.604901241118031,0.930136259287918,0.0852898490075129
96,"ILR_RF","train",0.604901241118031,0.930136259287918,0.107055695104071
96,"ILR_RF","test",0.748338501784207,0.906394763431916,0.134953780033067
96,"ILR_RF","test",0.748338501784207,0.906394763431916,0.0909620068891142
96,"ILR_RF","test",0.748338501784207,0.906394763431916,0.130538985025537
144,"Dirichlet_RF","train",0.764394549338901,0.902267565468973,0.133398857568249
144,"Dirichlet_RF","train",0.764394549338901,0.902267565468973,0.100935309422998
144,"Dirichlet_RF","train",0.764394549338901,0.902267565468973,0.12913693076483
144,"Dirichlet_RF","test",0.75917195652777,0.901949796082029,0.130157115137702
144,"Dirichlet_RF","test",0.75917195652777,0.901949796082029,0.111728651117983
144,"Dirichlet_RF","test",0.75917195652777,0.901949796082029,0.125460534867986
144,"Dirichlet_regression","train",0.767040780665549,0.905618459376293,0.128276602773592
144,"Dirichlet_regression","train",0.767040780665549,0.905618459376293,0.103821057878842
144,"Dirichlet_regression","train",0.767040780665549,0.905618459376293,0.126073886391863
144,"Dirichlet_regression","test",0.721444507867965,0.909432299286418,0.122178958663925
144,"Dirichlet_regression","test",0.721444507867965,0.909432299286418,0.110157771036758
144,"Dirichlet_regression","test",0.721444507867965,0.909432299286418,0.121059658755899
144,"CLR_RF","train",0.645437605310077,0.93212145296004,0.106998229413404
144,"CLR_RF","train",0.645437605310077,0.93212145296004,0.089851951566741
144,"CLR_RF","train",0.645437605310077,0.93212145296004,0.107217516772072
144,"CLR_RF","test",0.780799348242456,0.894081843154038,0.134552406789421
144,"CLR_RF","test",0.780799348242456,0.894081843154038,0.116502411309821
144,"CLR_RF","test",0.780799348242456,0.894081843154038,0.130811072491902
144,"ILR_RF","train",0.648654951160246,0.9319453498316,0.107148644907807
144,"ILR_RF","train",0.648654951160246,0.9319453498316,0.0896450252052448
144,"ILR_RF","train",0.648654951160246,0.9319453498316,0.107615050722643
144,"ILR_RF","test",0.78101930130826,0.895030783827586,0.133016206918096
144,"ILR_RF","test",0.78101930130826,0.895030783827586,0.117797099794626
144,"ILR_RF","test",0.78101930130826,0.895030783827586,0.129545835735287
192,"Dirichlet_RF","train",0.723949680428913,0.906049412252611,0.136592450383827
192,"Dirichlet_RF","train",0.723949680428913,0.906049412252611,0.0979042093216647
192,"Dirichlet_RF","train",0.723949680428913,0.906049412252611,0.121614283779478
192,"Dirichlet_RF","test",0.814472182267956,0.879961970336941,0.150356898430476
192,"Dirichlet_RF","test",0.814472182267956,0.879961970336941,0.121782213225991
192,"Dirichlet_RF","test",0.814472182267956,0.879961970336941,0.127623536208269
192,"Dirichlet_regression","train",0.695222009701452,0.91234478808003,0.128672071030822
192,"Dirichlet_regression","train",0.695222009701452,0.91234478808003,0.0941283967141483
192,"Dirichlet_regression","train",0.695222009701452,0.91234478808003,0.12137791838285
192,"Dirichlet_regression","test",0.78452780235649,0.887508089255308,0.153190392181093
192,"Dirichlet_regression","test",0.78452780235649,0.887508089255308,0.116183028281157
192,"Dirichlet_regression","test",0.78452780235649,0.887508089255308,0.115683336229487
192,"CLR_RF","train",0.58483689744247,0.937516421520531,0.108372723519154
192,"CLR_RF","train",0.58483689744247,0.937516421520531,0.0845769293712096
192,"CLR_RF","train",0.58483689744247,0.937516421520531,0.098599359469104
192,"CLR_RF","test",0.819414576990677,0.883214829142513,0.145928928570956
192,"CLR_RF","test",0.819414576990677,0.883214829142513,0.120298303096348
192,"CLR_RF","test",0.819414576990677,0.883214829142513,0.128464170938947
192,"ILR_RF","train",0.586664058156847,0.937287222537426,0.108275993870247
192,"ILR_RF","train",0.586664058156847,0.937287222537426,0.0852437177350826
192,"ILR_RF","train",0.586664058156847,0.937287222537426,0.098663757434012
192,"ILR_RF","test",0.819692897407731,0.883304663506746,0.145467152898523
192,"ILR_RF","test",0.819692897407731,0.883304663506746,0.119253185253746
192,"ILR_RF","test",0.819692897407731,0.883304663506746,0.129798901642905
240,"Dirichlet_RF","train",0.792938116848757,0.894670969823975,0.138911440913761
240,"Dirichlet_RF","train",0.792938116848757,0.894670969823975,0.113441311212946
240,"Dirichlet_RF","train",0.792938116848757,0.894670969823975,0.13172530384428
240,"Dirichlet_RF","test",0.824506723802343,0.886102666812135,0.159247867447678
240,"Dirichlet_RF","test",0.824506723802343,0.886102666812135,0.111573173985704
240,"Dirichlet_RF","test",0.824506723802343,0.886102666812135,0.123220963205464
240,"Dirichlet_regression","train",0.759886039066714,0.903339557844382,0.131210172095552
240,"Dirichlet_regression","train",0.759886039066714,0.903339557844382,0.112280669101781
240,"Dirichlet_regression","train",0.759886039066714,0.903339557844382,0.124974294486478
240,"Dirichlet_regression","test",0.754416070983706,0.907294691487619,0.131082671540807
240,"Dirichlet_regression","test",0.754416070983706,0.907294691487619,0.108781475911486
240,"Dirichlet_regression","test",0.754416070983706,0.907294691487619,0.118810717464296
240,"CLR_RF","train",0.658186609491544,0.925729329982535,0.114492262349359
240,"CLR_RF","train",0.658186609491544,0.925729329982535,0.0988707839503754
240,"CLR_RF","train",0.658186609491544,0.925729329982535,0.109690151313911
240,"CLR_RF","test",0.727571489375839,0.905690140621903,0.141511318537982
240,"CLR_RF","test",0.727571489375839,0.905690140621903,0.0999996889459995
240,"CLR_RF","test",0.727571489375839,0.905690140621903,0.117699638830952
240,"ILR_RF","train",0.659128478475895,0.925293834755306,0.11550259430696
240,"ILR_RF","train",0.659128478475895,0.925293834755306,0.0989013278001753
240,"ILR_RF","train",0.659128478475895,0.925293834755306,0.10953652699952
240,"ILR_RF","test",0.733649323103645,0.904398455332024,0.141858438316788
240,"ILR_RF","test",0.733649323103645,0.904398455332024,0.099012032514194
240,"ILR_RF","test",0.733649323103645,0.904398455332024,0.120633189103371
288,"Dirichlet_RF","train",0.762787676409423,0.907686081293207,0.132802033870503
288,"Dirichlet_RF","train",0.762787676409423,0.907686081293207,0.106683023931013
288,"Dirichlet_RF","train",0.762787676409423,0.907686081293207,0.116248746497774
288,"Dirichlet_RF","test",0.81226289396552,0.874034474427899,0.15829794833321
288,"Dirichlet_RF","test",0.81226289396552,0.874034474427899,0.118066261102673
288,"Dirichlet_RF","test",0.81226289396552,0.874034474427899,0.138735767744862
288,"Dirichlet_regression","train",0.746207134673385,0.912217261664304,0.130400450510896
288,"Dirichlet_regression","train",0.746207134673385,0.912217261664304,0.102382713087648
288,"Dirichlet_regression","train",0.746207134673385,0.912217261664304,0.113830088274192
288,"Dirichlet_regression","test",0.760101892524498,0.890203403505539,0.147769256213983
288,"Dirichlet_regression","test",0.760101892524498,0.890203403505539,0.116949013845406
288,"Dirichlet_regression","test",0.760101892524498,0.890203403505539,0.123516321323186
288,"CLR_RF","train",0.641087712307129,0.935312177939255,0.110906510927885
288,"CLR_RF","train",0.641087712307129,0.935312177939255,0.0901022504324458
288,"CLR_RF","train",0.641087712307129,0.935312177939255,0.0968746057956382
288,"CLR_RF","test",0.827076934771633,0.871509842791878,0.154911438303778
288,"CLR_RF","test",0.827076934771633,0.871509842791878,0.128399334233005
288,"CLR_RF","test",0.827076934771633,0.871509842791878,0.137582423738255
288,"ILR_RF","train",0.638747757411375,0.936337875901778,0.109965974265805
288,"ILR_RF","train",0.638747757411375,0.936337875901778,0.0893009947863456
288,"ILR_RF","train",0.638747757411375,0.936337875901778,0.0962476498533482
288,"ILR_RF","test",0.820263830355536,0.871710409890388,0.15488487734226
288,"ILR_RF","test",0.820263830355536,0.871710409890388,0.128742269078548
288,"ILR_RF","test",0.820263830355536,0.871710409890388,0.136953380028292
336,"Dirichlet_RF","train",0.74802817186004,0.90137544498933,0.139453692345337
336,"Dirichlet_RF","train",0.74802817186004,0.90137544498933,0.110809307871496
336,"Dirichlet_RF","train",0.74802817186004,0.90137544498933,0.117661499487333
336,"Dirichlet_RF","test",0.716677098009233,0.893635306580004,0.151275766710098
336,"Dirichlet_RF","test",0.716677098009233,0.893635306580004,0.0950290257802177
336,"Dirichlet_RF","test",0.716677098009233,0.893635306580004,0.126556855915797
336,"Dirichlet_regression","train",0.726944728638664,0.903431475417036,0.137106447047247
336,"Dirichlet_regression","train",0.726944728638664,0.903431475417036,0.109768585511477
336,"Dirichlet_regression","train",0.726944728638664,0.903431475417036,0.117358161245724
336,"Dirichlet_regression","test",0.655277891714603,0.904434684853489,0.147069823604688
336,"Dirichlet_regression","test",0.655277891714603,0.904434684853489,0.0831383590560977
336,"Dirichlet_regression","test",0.655277891714603,0.904434684853489,0.120513185970041
336,"CLR_RF","train",0.650894859277517,0.92213326978166,0.123611684532303
336,"CLR_RF","train",0.650894859277517,0.92213326978166,0.100421190327319
336,"CLR_RF","train",0.650894859277517,0.92213326978166,0.103027572510656
336,"CLR_RF","test",0.706658167767056,0.891215243884529,0.157599812754838
336,"CLR_RF","test",0.706658167767056,0.891215243884529,0.0907573658793666
336,"CLR_RF","test",0.706658167767056,0.891215243884529,0.126283302072971
336,"ILR_RF","train",0.649220397018868,0.922226518734501,0.123491276665762
336,"ILR_RF","train",0.649220397018868,0.922226518734501,0.100181954274649
336,"ILR_RF","train",0.649220397018868,0.922226518734501,0.103195634203792
336,"ILR_RF","test",0.700992419199994,0.892053315054765,0.15703696536977
336,"ILR_RF","test",0.700992419199994,0.892053315054765,0.0912347926588212
336,"ILR_RF","test",0.700992419199994,0.892053315054765,0.125139977070335
384,"Dirichlet_RF","train",0.768758203057848,0.888110544998973,0.140714346061121
384,"Dirichlet_RF","train",0.768758203057848,0.888110544998973,0.11060286454447
384,"Dirichlet_RF","train",0.768758203057848,0.888110544998973,0.137767373466944
384,"Dirichlet_RF","test",0.658051985669855,0.90765054206464,0.126695945747303
384,"Dirichlet_RF","test",0.658051985669855,0.90765054206464,0.102820906370026
384,"Dirichlet_RF","test",0.658051985669855,0.90765054206464,0.118000994655682
384,"Dirichlet_regression","train",0.76887696151831,0.890642938198378,0.136674427594919
384,"Dirichlet_regression","train",0.76887696151831,0.890642938198378,0.111444237901605
384,"Dirichlet_regression","train",0.76887696151831,0.890642938198378,0.136963745137824
384,"Dirichlet_regression","test",0.631183515717213,0.923402800614295,0.111131373196049
384,"Dirichlet_regression","test",0.631183515717213,0.923402800614295,0.103333016833764
384,"Dirichlet_regression","test",0.631183515717213,0.923402800614295,0.102975415525736
384,"CLR_RF","train",0.672051414011619,0.91777730242571,0.115642093493001
384,"CLR_RF","train",0.672051414011619,0.91777730242571,0.100206399041487
384,"CLR_RF","train",0.672051414011619,0.91777730242571,0.11863006493778
384,"CLR_RF","test",0.665618338596876,0.908081071842555,0.117401895817551
384,"CLR_RF","test",0.665618338596876,0.908081071842555,0.105193184068516
384,"CLR_RF","test",0.665618338596876,0.908081071842555,0.124540719014964
384,"ILR_RF","train",0.669843334297602,0.918200411032798,0.115032593339151
384,"ILR_RF","train",0.669843334297602,0.918200411032798,0.100726794186303
384,"ILR_RF","train",0.669843334297602,0.918200411032798,0.117967018571161
384,"ILR_RF","test",0.678339754727888,0.905505539746742,0.11811334422685
384,"ILR_RF","test",0.678339754727888,0.905505539746742,0.105061614478233
384,"ILR_RF","test",0.678339754727888,0.905505539746742,0.128457564185734
432,"Dirichlet_RF","train",0.761579467482109,0.897881087595091,0.138652941119542
432,"Dirichlet_RF","train",0.761579467482109,0.897881087595091,0.120426982542639
432,"Dirichlet_RF","train",0.761579467482109,0.897881087595091,0.1126238929785
432,"Dirichlet_RF","test",0.82129716159086,0.883719953765828,0.142931971512205
432,"Dirichlet_RF","test",0.82129716159086,0.883719953765828,0.102475926338214
432,"Dirichlet_RF","test",0.82129716159086,0.883719953765828,0.148970241294811
432,"Dirichlet_regression","train",0.741351583648098,0.903691536144941,0.129569083401908
432,"Dirichlet_regression","train",0.741351583648098,0.903691536144941,0.117140592572515
432,"Dirichlet_regression","train",0.741351583648098,0.903691536144941,0.115154740730749
432,"Dirichlet_regression","test",0.776389638123757,0.896640139868074,0.138285631351383
432,"Dirichlet_regression","test",0.776389638123757,0.896640139868074,0.110223282556244
432,"Dirichlet_regression","test",0.776389638123757,0.896640139868074,0.126286464143257
432,"CLR_RF","train",0.644023654844974,0.926921461059095,0.115364348418906
432,"CLR_RF","train",0.644023654844974,0.926921461059095,0.10173801354013
432,"CLR_RF","train",0.644023654844974,0.926921461059095,0.0977419500054487
432,"CLR_RF","test",0.801929561925313,0.890287918187856,0.144223312038189
432,"CLR_RF","test",0.801929561925313,0.890287918187856,0.0984948804985329
432,"CLR_RF","test",0.801929561925313,0.890287918187856,0.14007423437622
432,"ILR_RF","train",0.639090308163399,0.927279184570758,0.115522334539007
432,"ILR_RF","train",0.639090308163399,0.927279184570758,0.101298754782306
432,"ILR_RF","train",0.639090308163399,0.927279184570758,0.0971782788272392
432,"ILR_RF","test",0.808021349547079,0.889028332909402,0.145317920944801
432,"ILR_RF","test",0.808021349547079,0.889028332909402,0.0984151850843113
432,"ILR_RF","test",0.808021349547079,0.889028332909402,0.141049622631618
480,"Dirichlet_RF","train",0.756137264381972,0.903143659538841,0.132435872437549
480,"Dirichlet_RF","train",0.756137264381972,0.903143659538841,0.103002103027496
480,"Dirichlet_RF","train",0.756137264381972,0.903143659538841,0.123471055171555
480,"Dirichlet_RF","test",0.774947511788033,0.85917624162091,0.176078784781427
480,"Dirichlet_RF","test",0.774947511788033,0.85917624162091,0.107897683620055
480,"Dirichlet_RF","test",0.774947511788033,0.85917624162091,0.140288704668329
480,"Dirichlet_regression","train",0.770586070529387,0.897656404970098,0.13296660381825
480,"Dirichlet_regression","train",0.770586070529387,0.897656404970098,0.104730706428101
480,"Dirichlet_regression","train",0.770586070529387,0.897656404970098,0.131162374586237
480,"Dirichlet_regression","test",0.744698017723291,0.875787698623189,0.170182292577036
480,"Dirichlet_regression","test",0.744698017723291,0.875787698623189,0.0991012367812341
480,"Dirichlet_regression","test",0.744698017723291,0.875787698623189,0.127245862573067
480,"CLR_RF","train",0.657492882425378,0.923901645249632,0.117453806294606
480,"CLR_RF","train",0.657492882425378,0.923901645249632,0.0928341656878179
480,"CLR_RF","train",0.657492882425378,0.923901645249632,0.108074866319164
480,"CLR_RF","test",0.795195980394151,0.861026582989671,0.169555139832936
480,"CLR_RF","test",0.795195980394151,0.861026582989671,0.117911547812224
480,"CLR_RF","test",0.795195980394151,0.861026582989671,0.137315535248145
480,"ILR_RF","train",0.656480806998895,0.923760429641243,0.117486578380268
480,"ILR_RF","train",0.656480806998895,0.923760429641243,0.0932306462779121
480,"ILR_RF","train",0.656480806998895,0.923760429641243,0.107990619457486
480,"ILR_RF","test",0.793663091560587,0.861566540833158,0.168894678175924
480,"ILR_RF","test",0.793663091560587,0.861566540833158,0.119338205336994
480,"ILR_RF","test",0.793663091560587,0.861566540833158,0.136020725002085
528,"Dirichlet_RF","train",0.793698804886001,0.899915340347018,0.137566258909747
528,"Dirichlet_RF","train",0.793698804886001,0.899915340347018,0.09891351315225
528,"Dirichlet_RF","train",0.793698804886001,0.899915340347018,0.128848678154427
528,"Dirichlet_RF","test",0.828707049046183,0.907368211218336,0.113106161525413
528,"Dirichlet_RF","test",0.828707049046183,0.907368211218336,0.103976784189768
528,"Dirichlet_RF","test",0.828707049046183,0.907368211218336,0.134196249074697
528,"Dirichlet_regression","train",0.76837711472907,0.905207194463678,0.130272979212031
528,"Dirichlet_regression","train",0.76837711472907,0.905207194463678,0.0996454239496519
528,"Dirichlet_regression","train",0.76837711472907,0.905207194463678,0.126547824969919
528,"Dirichlet_regression","test",0.768218976453418,0.931267601396395,0.0940775471395416
528,"Dirichlet_regression","test",0.768218976453418,0.931267601396395,0.0932021493696269
528,"Dirichlet_regression","test",0.768218976453418,0.931267601396395,0.115495904357499
528,"CLR_RF","train",0.683605501276646,0.922937253755004,0.118672499049658
528,"CLR_RF","train",0.683605501276646,0.922937253755004,0.0903669102461588
528,"CLR_RF","train",0.683605501276646,0.922937253755004,0.112421155988953
528,"CLR_RF","test",0.77668858302106,0.922162606303532,0.0951424510819451
528,"CLR_RF","test",0.77668858302106,0.922162606303532,0.0964831281837767
528,"CLR_RF","test",0.77668858302106,0.922162606303532,0.128862988019984
528,"ILR_RF","train",0.682757050150506,0.923279974954456,0.118949926749085
528,"ILR_RF","train",0.682757050150506,0.923279974954456,0.0901245340159595
528,"ILR_RF","train",0.682757050150506,0.923279974954456,0.111629670426141
528,"ILR_RF","test",0.784684576253408,0.92034209045143,0.0952091106609657
528,"ILR_RF","test",0.784684576253408,0.92034209045143,0.0998637112848004
528,"ILR_RF","test",0.784684576253408,0.92034209045143,0.129410359393936
576,"Dirichlet_RF","train",0.725737737846518,0.901217415479479,0.133177937703979
576,"Dirichlet_RF","train",0.725737737846518,0.901217415479479,0.0985057284099887
576,"Dirichlet_RF","train",0.725737737846518,0.901217415479479,0.128142755705309
576,"Dirichlet_RF","test",0.8461818324482,0.851259872184641,0.182643382972394
576,"Dirichlet_RF","test",0.8461818324482,0.851259872184641,0.121527549901705
576,"Dirichlet_RF","test",0.8461818324482,0.851259872184641,0.154119558115846
576,"Dirichlet_regression","train",0.716067673413229,0.906013851354299,0.127765917736233
576,"Dirichlet_regression","train",0.716067673413229,0.906013851354299,0.098475421576641
576,"Dirichlet_regression","train",0.716067673413229,0.906013851354299,0.125335991474729
576,"Dirichlet_regression","test",0.762434114741468,0.890218876178803,0.152316868627876
576,"Dirichlet_regression","test",0.762434114741468,0.890218876178803,0.116984598448408
576,"Dirichlet_regression","test",0.762434114741468,0.890218876178803,0.127150204172557
576,"CLR_RF","train",0.598968305724805,0.936158566845185,0.10188206413281
576,"CLR_RF","train",0.598968305724805,0.936158566845185,0.0832074895477768
576,"CLR_RF","train",0.598968305724805,0.936158566845185,0.105084241663239
576,"CLR_RF","test",0.8243794204595,0.872542015693925,0.164616960167172
576,"CLR_RF","test",0.8243794204595,0.872542015693925,0.130274058027602
576,"CLR_RF","test",0.8243794204595,0.872542015693925,0.132383809022354
576,"ILR_RF","train",0.60004116454806,0.93556303478739,0.102640915812651
576,"ILR_RF","train",0.60004116454806,0.93556303478739,0.083889271987176
576,"ILR_RF","train",0.60004116454806,0.93556303478739,0.105061852728405
576,"ILR_RF","test",0.824991139780436,0.874287664722412,0.163165293811089
576,"ILR_RF","test",0.824991139780436,0.874287664722412,0.129128551396702
576,"ILR_RF","test",0.824991139780436,0.874287664722412,0.132116787979486
624,"Dirichlet_RF","train",0.811903484465716,0.89221104398054,0.145301880569671
624,"Dirichlet_RF","train",0.811903484465716,0.89221104398054,0.1133456621523
624,"Dirichlet_RF","train",0.811903484465716,0.89221104398054,0.126548176165313
624,"Dirichlet_RF","test",0.904473647781119,0.850906979592193,0.164374279355809
624,"Dirichlet_RF","test",0.904473647781119,0.850906979592193,0.128769955575203
624,"Dirichlet_RF","test",0.904473647781119,0.850906979592193,0.151660308237204
624,"Dirichlet_regression","train",0.80379069933004,0.893805262190901,0.144257583824849
624,"Dirichlet_regression","train",0.80379069933004,0.893805262190901,0.11707276294552
624,"Dirichlet_regression","train",0.80379069933004,0.893805262190901,0.121321494370357
624,"Dirichlet_regression","test",0.857610666226833,0.864598587009082,0.153877955176787
624,"Dirichlet_regression","test",0.857610666226833,0.864598587009082,0.121880423396799
624,"Dirichlet_regression","test",0.857610666226833,0.864598587009082,0.148162084949879
624,"CLR_RF","train",0.678595599678631,0.922743582877208,0.123182197953335
624,"CLR_RF","train",0.678595599678631,0.922743582877208,0.10143607103597
624,"CLR_RF","train",0.678595599678631,0.922743582877208,0.101761241703009
624,"CLR_RF","test",0.845279310637437,0.85944461587162,0.161316725202726
624,"CLR_RF","test",0.845279310637437,0.85944461587162,0.119006491869122
624,"CLR_RF","test",0.845279310637437,0.85944461587162,0.150339513982426
624,"ILR_RF","train",0.676997814597424,0.923069475045926,0.122844438217987
624,"ILR_RF","train",0.676997814597424,0.923069475045926,0.1011123855244
624,"ILR_RF","train",0.676997814597424,0.923069475045926,0.101749282295588
624,"ILR_RF","test",0.849479326301171,0.859044238281595,0.160009083411776
624,"ILR_RF","test",0.849479326301171,0.859044238281595,0.119375931513828
624,"ILR_RF","test",0.849479326301171,0.859044238281595,0.152029383916974
672,"Dirichlet_RF","train",0.773088991500368,0.894632002670073,0.14387806158038
672,"Dirichlet_RF","train",0.773088991500368,0.894632002670073,0.102536223776828
672,"Dirichlet_RF","train",0.773088991500368,0.894632002670073,0.131953761983316
672,"Dirichlet_RF","test",0.722263599249236,0.907361118567631,0.127796931318914
672,"Dirichlet_RF","test",0.722263599249236,0.907361118567631,0.0944065452241995
672,"Dirichlet_RF","test",0.722263599249236,0.907361118567631,0.132371853508546
672,"Dirichlet_regression","train",0.765228744805685,0.897711587198858,0.138122580928169
672,"Dirichlet_regression","train",0.765228744805685,0.897711587198858,0.106100429867259
672,"Dirichlet_regression","train",0.765228744805685,0.897711587198858,0.129884642504878
672,"Dirichlet_regression","test",0.695820813273472,0.919154676201097,0.116799942943669
672,"Dirichlet_regression","test",0.695820813273472,0.919154676201097,0.0947092083028742
672,"Dirichlet_regression","test",0.695820813273472,0.919154676201097,0.1212863323395
672,"CLR_RF","train",0.663987791796762,0.92675814076139,0.117241430705393
672,"CLR_RF","train",0.663987791796762,0.92675814076139,0.0931156923483212
672,"CLR_RF","train",0.663987791796762,0.92675814076139,0.106697536697686
672,"CLR_RF","test",0.710093652759197,0.913094878283097,0.124113958084421
672,"CLR_RF","test",0.710093652759197,0.913094878283097,0.0943175660279521
672,"CLR_RF","test",0.710093652759197,0.913094878283097,0.125777094220633
672,"ILR_RF","train",0.660816836702426,0.927602782285135,0.116479406047967
672,"ILR_RF","train",0.660816836702426,0.927602782285135,0.0931677159590646
672,"ILR_RF","train",0.660816836702426,0.927602782285135,0.105655004084437
672,"ILR_RF","test",0.713094084454056,0.911282248021267,0.12537730372003
672,"ILR_RF","test",0.713094084454056,0.911282248021267,0.0949538328636032
672,"ILR_RF","test",0.713094084454056,0.911282248021267,0.127361931806826
720,"Dirichlet_RF","train",0.809305833993609,0.900688355939726,0.138117663431762
720,"Dirichlet_RF","train",0.809305833993609,0.900688355939726,0.103466702131445
720,"Dirichlet_RF","train",0.809305833993609,0.900688355939726,0.132454964694349
720,"Dirichlet_RF","test",0.748509792028596,0.87875181724829,0.159879342240015
720,"Dirichlet_RF","test",0.748509792028596,0.87875181724829,0.119293007027934
720,"Dirichlet_RF","test",0.748509792028596,0.87875181724829,0.117467398386105
720,"Dirichlet_regression","train",0.778537576282173,0.907544280337672,0.131555510046828
720,"Dirichlet_regression","train",0.778537576282173,0.907544280337672,0.102218384031197
720,"Dirichlet_regression","train",0.778537576282173,0.907544280337672,0.127685469793311
720,"Dirichlet_regression","test",0.700884120671849,0.891873353210884,0.146218013983556
720,"Dirichlet_regression","test",0.700884120671849,0.891873353210884,0.119874768955421
720,"Dirichlet_regression","test",0.700884120671849,0.891873353210884,0.109733877809222
720,"CLR_RF","train",0.680425960575409,0.927569654922677,0.116337972359752
720,"CLR_RF","train",0.680425960575409,0.927569654922677,0.0925447192873695
720,"CLR_RF","train",0.680425960575409,0.927569654922677,0.111431815057107
720,"CLR_RF","test",0.773616187046505,0.86873889636708,0.170798108368275
720,"CLR_RF","test",0.773616187046505,0.86873889636708,0.128210268896306
720,"CLR_RF","test",0.773616187046505,0.86873889636708,0.111384858243556
720,"ILR_RF","train",0.677181445522882,0.928704132337768,0.115322763875115
720,"ILR_RF","train",0.677181445522882,0.928704132337768,0.0919230677065709
720,"ILR_RF","train",0.677181445522882,0.928704132337768,0.110572518996936
720,"ILR_RF","test",0.773001386418512,0.866728817701551,0.172240784320891
720,"ILR_RF","test",0.773001386418512,0.866728817701551,0.12786614897189
720,"ILR_RF","test",0.773001386418512,0.866728817701551,0.113526445548188
768,"Dirichlet_RF","train",0.720315052179418,0.918616098902171,0.129481010276058
768,"Dirichlet_RF","train",0.720315052179418,0.918616098902171,0.0933337790794898
768,"Dirichlet_RF","train",0.720315052179418,0.918616098902171,0.112856091770009
768,"Dirichlet_RF","test",0.841649667703894,0.865723695629086,0.162570024347164
768,"Dirichlet_RF","test",0.841649667703894,0.865723695629086,0.147133318139988
768,"Dirichlet_RF","test",0.841649667703894,0.865723695629086,0.103919690676569
768,"Dirichlet_regression","train",0.708173064169969,0.921100793591118,0.126511270292282
768,"Dirichlet_regression","train",0.708173064169969,0.921100793591118,0.0932979248127893
768,"Dirichlet_regression","train",0.708173064169969,0.921100793591118,0.111070946422101
768,"Dirichlet_regression","test",0.785182280303352,0.875478653950139,0.151111097338258
768,"Dirichlet_regression","test",0.785182280303352,0.875478653950139,0.140783244439931
768,"Dirichlet_regression","test",0.785182280303352,0.875478653950139,0.109292072718566
768,"CLR_RF","train",0.609246895907508,0.941062548267775,0.108921147091539
768,"CLR_RF","train",0.609246895907508,0.941062548267775,0.0833203914955125
768,"CLR_RF","train",0.609246895907508,0.941062548267775,0.0941669083108892
768,"CLR_RF","test",0.854240487741405,0.856342183206507,0.168822302135274
768,"CLR_RF","test",0.854240487741405,0.856342183206507,0.147586064302475
768,"CLR_RF","test",0.854240487741405,0.856342183206507,0.112727333207206
768,"ILR_RF","train",0.606788838326643,0.940703797771778,0.109664009480469
768,"ILR_RF","train",0.606788838326643,0.940703797771778,0.0828588685816971
768,"ILR_RF","train",0.606788838326643,0.940703797771778,0.094605344943552
768,"ILR_RF","test",0.861058433709418,0.853549927602159,0.170071147627289
768,"ILR_RF","test",0.861058433709418,0.853549927602159,0.14865406904259
768,"ILR_RF","test",0.861058433709418,0.853549927602159,0.114857166950658
816,"Dirichlet_RF","train",0.732627405821543,0.899999231614024,0.138018009955337
816,"Dirichlet_RF","train",0.732627405821543,0.899999231614024,0.103204334486454
816,"Dirichlet_RF","train",0.732627405821543,0.899999231614024,0.125300469775515
816,"Dirichlet_RF","test",0.87898208253584,0.870421808621824,0.149716459487125
816,"Dirichlet_RF","test",0.87898208253584,0.870421808621824,0.138037377186223
816,"Dirichlet_RF","test",0.87898208253584,0.870421808621824,0.132465166744257
816,"Dirichlet_regression","train",0.709288390166067,0.904296811855954,0.136071634618
816,"Dirichlet_regression","train",0.709288390166067,0.904296811855954,0.100556836262214
816,"Dirichlet_regression","train",0.709288390166067,0.904296811855954,0.1217458273588
816,"Dirichlet_regression","test",0.827926095134599,0.878316528868705,0.14001937293586
816,"Dirichlet_regression","test",0.827926095134599,0.878316528868705,0.142522463714632
816,"Dirichlet_regression","test",0.827926095134599,0.878316528868705,0.124509558835409
816,"CLR_RF","train",0.593219678750877,0.929665671566239,0.118514659125655
816,"CLR_RF","train",0.593219678750877,0.929665671566239,0.0867435522114837
816,"CLR_RF","train",0.593219678750877,0.929665671566239,0.101791905071786
816,"CLR_RF","test",0.803899732387881,0.879820703829764,0.138358469897985
816,"CLR_RF","test",0.803899732387881,0.879820703829764,0.137980863011481
816,"CLR_RF","test",0.803899732387881,0.879820703829764,0.128661753553132
816,"ILR_RF","train",0.593194096366962,0.928866055136483,0.11964573958437
816,"ILR_RF","train",0.593194096366962,0.928866055136483,0.0869410607933775
816,"ILR_RF","train",0.593194096366962,0.928866055136483,0.102082979676434
816,"ILR_RF","test",0.808701154924527,0.877995914382854,0.139542291612421
816,"ILR_RF","test",0.808701154924527,0.877995914382854,0.137880704162166
816,"ILR_RF","test",0.808701154924527,0.877995914382854,0.130704214790138
864,"Dirichlet_RF","train",0.830214338357661,0.896140953916175,0.135380584687602
864,"Dirichlet_RF","train",0.830214338357661,0.896140953916175,0.107387466982747
864,"Dirichlet_RF","train",0.830214338357661,0.896140953916175,0.13421245782464
864,"Dirichlet_RF","test",0.727036635503654,0.89897658119276,0.130659600056133
864,"Dirichlet_RF","test",0.727036635503654,0.89897658119276,0.111922242788414
864,"Dirichlet_RF","test",0.727036635503654,0.89897658119276,0.120387968727181
864,"Dirichlet_regression","train",0.835350628746011,0.89381733496872,0.137684685378538
864,"Dirichlet_regression","train",0.835350628746011,0.89381733496872,0.108236711073254
864,"Dirichlet_regression","train",0.835350628746011,0.89381733496872,0.135173033658354
864,"Dirichlet_regression","test",0.696737513525029,0.908103784418487,0.12792409024702
864,"Dirichlet_regression","test",0.696737513525029,0.908103784418487,0.104843608604382
864,"Dirichlet_regression","test",0.696737513525029,0.908103784418487,0.112922316169923
864,"CLR_RF","train",0.712882363750086,0.921935130028727,0.117004513553912
864,"CLR_RF","train",0.712882363750086,0.921935130028727,0.0983921226670814
864,"CLR_RF","train",0.712882363750086,0.921935130028727,0.11230440718744
864,"CLR_RF","test",0.794961535671806,0.894536450616468,0.130971188506945
864,"CLR_RF","test",0.794961535671806,0.894536450616468,0.127320566061759
864,"CLR_RF","test",0.794961535671806,0.894536450616468,0.112542008408404
864,"ILR_RF","train",0.716347455836757,0.92125241754868,0.117313250306977
864,"ILR_RF","train",0.716347455836757,0.92125241754868,0.0989566923640031
864,"ILR_RF","train",0.716347455836757,0.92125241754868,0.112885830769761
864,"ILR_RF","test",0.804799523897784,0.892960414429668,0.131133620261647
864,"ILR_RF","test",0.804799523897784,0.892960414429668,0.127537994078475
864,"ILR_RF","test",0.804799523897784,0.892960414429668,0.115132874770258
912,"Dirichlet_RF","train",0.778743466859641,0.913220180094042,0.127306532816372
912,"Dirichlet_RF","train",0.778743466859641,0.913220180094042,0.109982208445725
912,"Dirichlet_RF","train",0.778743466859641,0.913220180094042,0.108457049078281
912,"Dirichlet_RF","test",0.777852969624495,0.870538221398665,0.154416353244056
912,"Dirichlet_RF","test",0.777852969624495,0.870538221398665,0.109030042295127
912,"Dirichlet_RF","test",0.777852969624495,0.870538221398665,0.150900233946376
912,"Dirichlet_regression","train",0.753891428462915,0.912901208214955,0.128415470377427
912,"Dirichlet_regression","train",0.753891428462915,0.912901208214955,0.110009990242055
912,"Dirichlet_regression","train",0.753891428462915,0.912901208214955,0.107798461487201
912,"Dirichlet_regression","test",0.765639584050805,0.88092377366957,0.14716454655129
912,"Dirichlet_regression","test",0.765639584050805,0.88092377366957,0.112297886180893
912,"Dirichlet_regression","test",0.765639584050805,0.88092377366957,0.139790793546789
912,"CLR_RF","train",0.635519854081439,0.937140361797839,0.109828705025051
912,"CLR_RF","train",0.635519854081439,0.937140361797839,0.095274556609218
912,"CLR_RF","train",0.635519854081439,0.937140361797839,0.0887835144182415
912,"CLR_RF","test",0.839432483535146,0.864322756046511,0.159481298971412
912,"CLR_RF","test",0.839432483535146,0.864322756046511,0.113498015808921
912,"CLR_RF","test",0.839432483535146,0.864322756046511,0.151642607390888
912,"ILR_RF","train",0.637934733837279,0.937044926318412,0.109875295902148
912,"ILR_RF","train",0.637934733837279,0.937044926318412,0.0945012253634846
912,"ILR_RF","train",0.637934733837279,0.937044926318412,0.0897947550477293
912,"ILR_RF","test",0.847148318548087,0.859963282828112,0.163841327314426
912,"ILR_RF","test",0.847148318548087,0.859963282828112,0.114345989649501
912,"ILR_RF","test",0.847148318548087,0.859963282828112,0.152848268569537
960,"Dirichlet_RF","train",0.79208080013424,0.897616802993521,0.140413652161307
960,"Dirichlet_RF","train",0.79208080013424,0.897616802993521,0.102043264812666
960,"Dirichlet_RF","train",0.79208080013424,0.897616802993521,0.132323698003238
960,"Dirichlet_RF","test",0.783459656575284,0.866554372913305,0.162786752229708
960,"Dirichlet_RF","test",0.783459656575284,0.866554372913305,0.126277593922251
960,"Dirichlet_RF","test",0.783459656575284,0.866554372913305,0.135808293724632
960,"Dirichlet_regression","train",0.778081488478284,0.902495471678069,0.136095050971257
960,"Dirichlet_regression","train",0.778081488478284,0.902495471678069,0.103371621778906
960,"Dirichlet_regression","train",0.778081488478284,0.902495471678069,0.127125165721176
960,"Dirichlet_regression","test",0.761963505697887,0.877926572845414,0.152424169496243
960,"Dirichlet_regression","test",0.761963505697887,0.877926572845414,0.11933102572238
960,"Dirichlet_regression","test",0.761963505697887,0.877926572845414,0.135009061190345
960,"CLR_RF","train",0.667854040329265,0.922064088265959,0.122855320174804
960,"CLR_RF","train",0.667854040329265,0.922064088265959,0.0927453341596482
960,"CLR_RF","train",0.667854040329265,0.922064088265959,0.112107350450355
960,"CLR_RF","test",0.788614512093314,0.861948523476593,0.16699977501376
960,"CLR_RF","test",0.788614512093314,0.861948523476593,0.126323118767351
960,"CLR_RF","test",0.788614512093314,0.861948523476593,0.138363948391008
960,"ILR_RF","train",0.670421610054722,0.922131175634677,0.12295721752712
960,"ILR_RF","train",0.670421610054722,0.922131175634677,0.0923851942900762
960,"ILR_RF","train",0.670421610054722,0.922131175634677,0.112153768772896
960,"ILR_RF","test",0.787242040270415,0.862667446403494,0.165751842775861
960,"ILR_RF","test",0.787242040270415,0.862667446403494,0.125434751627062
960,"ILR_RF","test",0.787242040270415,0.862667446403494,0.139482802575481
1008,"Dirichlet_RF","train",0.732711633835138,0.908057421191406,0.136874484618856
1008,"Dirichlet_RF","train",0.732711633835138,0.908057421191406,0.101890040516208
1008,"Dirichlet_RF","train",0.732711633835138,0.908057421191406,0.117323226038929
1008,"Dirichlet_RF","test",0.75433824722202,0.903812377037734,0.136910702110788
1008,"Dirichlet_RF","test",0.75433824722202,0.903812377037734,0.116898408355984
1008,"Dirichlet_RF","test",0.75433824722202,0.903812377037734,0.114827000768346
1008,"Dirichlet_regression","train",0.719000156717745,0.910762472157426,0.132479381339214
1008,"Dirichlet_regression","train",0.719000156717745,0.910762472157426,0.102566794880025
1008,"Dirichlet_regression","train",0.719000156717745,0.910762472157426,0.116398480292694
1008,"Dirichlet_regression","test",0.683391813632548,0.921034489602332,0.121471631524017
1008,"Dirichlet_regression","test",0.683391813632548,0.921034489602332,0.111619775652018
1008,"Dirichlet_regression","test",0.683391813632548,0.921034489602332,0.101079335547151
1008,"CLR_RF","train",0.593515887942989,0.936529742692037,0.11024586799728
1008,"CLR_RF","train",0.593515887942989,0.936529742692037,0.0879641677619445
1008,"CLR_RF","train",0.593515887942989,0.936529742692037,0.0985390280001119
1008,"CLR_RF","test",0.694965444249955,0.911622357017946,0.124534021931317
1008,"CLR_RF","test",0.694965444249955,0.911622357017946,0.123912553317366
1008,"CLR_RF","test",0.694965444249955,0.911622357017946,0.105023211906946
1008,"ILR_RF","train",0.594161936043408,0.936480607812213,0.110435360154422
1008,"ILR_RF","train",0.594161936043408,0.936480607812213,0.0882256254525769
1008,"ILR_RF","train",0.594161936043408,0.936480607812213,0.0982088205536
1008,"ILR_RF","test",0.687470646601689,0.913987369720363,0.123700909107185
1008,"ILR_RF","test",0.687470646601689,0.913987369720363,0.121841168935472
1008,"ILR_RF","test",0.687470646601689,0.913987369720363,0.103076019901149
1056,"Dirichlet_RF","train",0.802012965354121,0.901709233653887,0.141147736368777
1056,"Dirichlet_RF","train",0.802012965354121,0.901709233653887,0.113016990961553
1056,"Dirichlet_RF","train",0.802012965354121,0.901709233653887,0.112269175741985
1056,"Dirichlet_RF","test",0.668302816763519,0.92549320821929,0.117541880494244
1056,"Dirichlet_RF","test",0.668302816763519,0.92549320821929,0.0904138381743631
1056,"Dirichlet_RF","test",0.668302816763519,0.92549320821929,0.104066742425096
1056,"Dirichlet_regression","train",0.810802594922823,0.899590369624278,0.142317259160624
1056,"Dirichlet_regression","train",0.810802594922823,0.899590369624278,0.11507695690716
1056,"Dirichlet_regression","train",0.810802594922823,0.899590369624278,0.113046528674091
1056,"Dirichlet_regression","test",0.610490747403881,0.934154117415795,0.110486622944999
1056,"Dirichlet_regression","test",0.610490747403881,0.934154117415795,0.0803916283579092
1056,"Dirichlet_regression","test",0.610490747403881,0.934154117415795,0.101662961885634
1056,"CLR_RF","train",0.692593820155139,0.919707948990832,0.128399972527362
1056,"CLR_RF","train",0.692593820155139,0.919707948990832,0.103301634211886
1056,"CLR_RF","train",0.692593820155139,0.919707948990832,0.0992316904705032
1056,"CLR_RF","test",0.666264174105705,0.926907108500061,0.114363818721679
1056,"CLR_RF","test",0.666264174105705,0.926907108500061,0.0969960009411365
1056,"CLR_RF","test",0.666264174105705,0.926907108500061,0.0985418934758192
1056,"ILR_RF","train",0.691982195291617,0.919917224224991,0.128322715945847
1056,"ILR_RF","train",0.691982195291617,0.919917224224991,0.103183785776109
1056,"ILR_RF","train",0.691982195291617,0.919917224224991,0.098967903304817
1056,"ILR_RF","test",0.664010245937565,0.926797388365783,0.114463780527816
1056,"ILR_RF","test",0.664010245937565,0.926797388365783,0.0960050266743391
1056,"ILR_RF","test",0.664010245937565,0.926797388365783,0.0996354460573353
1104,"Dirichlet_RF","train",0.769462894305706,0.905540196659119,0.1321034912165
1104,"Dirichlet_RF","train",0.769462894305706,0.905540196659119,0.10603364670833
1104,"Dirichlet_RF","train",0.769462894305706,0.905540196659119,0.119686639044995
1104,"Dirichlet_RF","test",0.725344635320949,0.889103054648495,0.141721277657943
1104,"Dirichlet_RF","test",0.725344635320949,0.889103054648495,0.100071969037485
1104,"Dirichlet_RF","test",0.725344635320949,0.889103054648495,0.143962654115903
1104,"Dirichlet_regression","train",0.738768254091849,0.908429556087732,0.129529463244865
1104,"Dirichlet_regression","train",0.738768254091849,0.908429556087732,0.103062514644276
1104,"Dirichlet_regression","train",0.738768254091849,0.908429556087732,0.119598109649266
1104,"Dirichlet_regression","test",0.669563366216882,0.908737482695898,0.12641331582818
1104,"Dirichlet_regression","test",0.669563366216882,0.908737482695898,0.101315291816887
1104,"Dirichlet_regression","test",0.669563366216882,0.908737482695898,0.124823493278313
1104,"CLR_RF","train",0.629187558815908,0.934478738838121,0.108899469810515
1104,"CLR_RF","train",0.629187558815908,0.934478738838121,0.0870657000465651
1104,"CLR_RF","train",0.629187558815908,0.934478738838121,0.101982798938616
1104,"CLR_RF","test",0.687537084056885,0.906808562935272,0.123900833480955
1104,"CLR_RF","test",0.687537084056885,0.906808562935272,0.10340725332026
1104,"CLR_RF","test",0.687537084056885,0.906808562935272,0.129095217622263
1104,"ILR_RF","train",0.629904373568881,0.934517007218368,0.108994011209988
1104,"ILR_RF","train",0.629904373568881,0.934517007218368,0.0869042112834034
1104,"ILR_RF","train",0.629904373568881,0.934517007218368,0.101934082291171
1104,"ILR_RF","test",0.689807255793842,0.904899683859354,0.126089540515701
1104,"ILR_RF","test",0.689807255793842,0.904899683859354,0.10487400168928
1104,"ILR_RF","test",0.689807255793842,0.904899683859354,0.12918115627679
1152,"Dirichlet_RF","train",0.766757382279143,0.903436170797087,0.135209403453087
1152,"Dirichlet_RF","train",0.766757382279143,0.903436170797087,0.113959249237768
1152,"Dirichlet_RF","train",0.766757382279143,0.903436170797087,0.119727049007388
1152,"Dirichlet_RF","test",0.839518292799926,0.861543900673032,0.154205829400187
1152,"Dirichlet_RF","test",0.839518292799926,0.861543900673032,0.119660563124742
1152,"Dirichlet_RF","test",0.839518292799926,0.861543900673032,0.155043881060855
1152,"Dirichlet_regression","train",0.719244822969447,0.914253733724332,0.127260591778657
1152,"Dirichlet_regression","train",0.719244822969447,0.914253733724332,0.10782717720238
1152,"Dirichlet_regression","train",0.719244822969447,0.914253733724332,0.112571048005426
1152,"Dirichlet_regression","test",0.736147660410681,0.894486554470468,0.141995040234466
1152,"Dirichlet_regression","test",0.736147660410681,0.894486554470468,0.110458613512022
1152,"Dirichlet_regression","test",0.736147660410681,0.894486554470468,0.122429185575092
1152,"CLR_RF","train",0.623015326433059,0.930311717825914,0.117168882746599
1152,"CLR_RF","train",0.623015326433059,0.930311717825914,0.0942417598870985
1152,"CLR_RF","train",0.623015326433059,0.930311717825914,0.101492174663817
1152,"CLR_RF","test",0.755960111585016,0.875623950518961,0.157384116880757
1152,"CLR_RF","test",0.755960111585016,0.875623950518961,0.111298309773225
1152,"CLR_RF","test",0.755960111585016,0.875623950518961,0.13660430941769
1152,"ILR_RF","train",0.620592759776815,0.931058425190257,0.116990159083735
1152,"ILR_RF","train",0.620592759776815,0.931058425190257,0.0929269251080752
1152,"ILR_RF","train",0.620592759776815,0.931058425190257,0.101172970954913
1152,"ILR_RF","test",0.759710831052231,0.874701346231375,0.156903017326903
1152,"ILR_RF","test",0.759710831052231,0.874701346231375,0.111694455168979
1152,"ILR_RF","test",0.759710831052231,0.874701346231375,0.138338902622121
1200,"Dirichlet_RF","train",0.779221292757644,0.896068836356574,0.142107330169509
1200,"Dirichlet_RF","train",0.779221292757644,0.896068836356574,0.107469369417834
1200,"Dirichlet_RF","train",0.779221292757644,0.896068836356574,0.12762311929898
1200,"Dirichlet_RF","test",0.787015758942855,0.889583836062235,0.144517087948204
1200,"Dirichlet_RF","test",0.787015758942855,0.889583836062235,0.0923823476640262
1200,"Dirichlet_RF","test",0.787015758942855,0.889583836062235,0.146622041338692
1200,"Dirichlet_regression","train",0.748774906098768,0.902658175286266,0.138009603073151
1200,"Dirichlet_regression","train",0.748774906098768,0.902658175286266,0.104479754944779
1200,"Dirichlet_regression","train",0.748774906098768,0.902658175286266,0.122571956354831
1200,"Dirichlet_regression","test",0.689845893812889,0.923965333875188,0.119770152360586
1200,"Dirichlet_regression","test",0.689845893812889,0.923965333875188,0.092949482534191
1200,"Dirichlet_regression","test",0.689845893812889,0.923965333875188,0.109901800303824
1200,"CLR_RF","train",0.653796730606413,0.927281735894175,0.119598388764864
1200,"CLR_RF","train",0.653796730606413,0.927281735894175,0.0878538419285787
1200,"CLR_RF","train",0.653796730606413,0.927281735894175,0.107632225547764
1200,"CLR_RF","test",0.745071865537565,0.910003148732155,0.125745226812061
1200,"CLR_RF","test",0.745071865537565,0.910003148732155,0.0990028044695605
1200,"CLR_RF","test",0.745071865537565,0.910003148732155,0.126047834938878
1200,"ILR_RF","train",0.654628764597584,0.926916499501532,0.120404202432024
1200,"ILR_RF","train",0.654628764597584,0.926916499501532,0.0883827860601791
1200,"ILR_RF","train",0.654628764597584,0.926916499501532,0.107083487939204
1200,"ILR_RF","test",0.739581756840388,0.911190603012575,0.12443738329781
1200,"ILR_RF","test",0.739581756840388,0.911190603012575,0.0974898206093947
1200,"ILR_RF","test",0.739581756840388,0.911190603012575,0.12635252113893
1248,"Dirichlet_RF","train",0.741223459549352,0.894655156906821,0.145404636630071
1248,"Dirichlet_RF","train",0.741223459549352,0.894655156906821,0.100145696247193
1248,"Dirichlet_RF","train",0.741223459549352,0.894655156906821,0.132878431283343
1248,"Dirichlet_RF","test",0.814407822262712,0.894363416081706,0.139836418909363
1248,"Dirichlet_RF","test",0.814407822262712,0.894363416081706,0.100693028044596
1248,"Dirichlet_RF","test",0.814407822262712,0.894363416081706,0.138934192236314
1248,"Dirichlet_regression","train",0.725991508611046,0.895730306802768,0.144887797476554
1248,"Dirichlet_regression","train",0.725991508611046,0.895730306802768,0.101117524026371
1248,"Dirichlet_regression","train",0.725991508611046,0.895730306802768,0.130815811380442
1248,"Dirichlet_regression","test",0.718747469184115,0.915851895064322,0.121256383972834
1248,"Dirichlet_regression","test",0.718747469184115,0.915851895064322,0.090178429427239
1248,"Dirichlet_regression","test",0.718747469184115,0.915851895064322,0.127255816776161
1248,"CLR_RF","train",0.631257331850399,0.91843273428279,0.128187920983834
1248,"CLR_RF","train",0.631257331850399,0.91843273428279,0.0903608696519075
1248,"CLR_RF","train",0.631257331850399,0.91843273428279,0.114934681650628
1248,"CLR_RF","test",0.741199343703934,0.908614117969593,0.133491588925614
1248,"CLR_RF","test",0.741199343703934,0.908614117969593,0.0929084625318367
1248,"CLR_RF","test",0.741199343703934,0.908614117969593,0.126231210091194
1248,"ILR_RF","train",0.630048362146206,0.918709863083735,0.127771104645359
1248,"ILR_RF","train",0.630048362146206,0.918709863083735,0.0903294340671729
1248,"ILR_RF","train",0.630048362146206,0.918709863083735,0.114864690810643
1248,"ILR_RF","test",0.741078205813176,0.906199349511607,0.135210041303295
1248,"ILR_RF","test",0.741078205813176,0.906199349511607,0.0929762036551548
1248,"ILR_RF","test",0.741078205813176,0.906199349511607,0.128763292631401
1296,"Dirichlet_RF","train",0.704586815634746,0.916097604196895,0.123297081585416
1296,"Dirichlet_RF","train",0.704586815634746,0.916097604196895,0.0981850639934424
1296,"Dirichlet_RF","train",0.704586815634746,0.916097604196895,0.115920711662392
1296,"Dirichlet_RF","test",0.950501980951691,0.841753569276452,0.188414258965886
1296,"Dirichlet_RF","test",0.950501980951691,0.841753569276452,0.112830402160895
1296,"Dirichlet_RF","test",0.950501980951691,0.841753569276452,0.161535367860916
1296,"Dirichlet_regression","train",0.697520938163435,0.917717012511603,0.121796997652089
1296,"Dirichlet_regression","train",0.697520938163435,0.917717012511603,0.100651620280182
1296,"Dirichlet_regression","train",0.697520938163435,0.917717012511603,0.112142692547097
1296,"Dirichlet_regression","test",0.869439940577963,0.87485929982891,0.167024483711651
1296,"Dirichlet_regression","test",0.869439940577963,0.87485929982891,0.10822282472619
1296,"Dirichlet_regression","test",0.869439940577963,0.87485929982891,0.138441444169444
1296,"CLR_RF","train",0.592961795195056,0.938309060776944,0.103688424486321
1296,"CLR_RF","train",0.592961795195056,0.938309060776944,0.0884537683757723
1296,"CLR_RF","train",0.592961795195056,0.938309060776944,0.0978307386189114
1296,"CLR_RF","test",0.88908307007637,0.861876466981128,0.175425345850814
1296,"CLR_RF","test",0.88908307007637,0.861876466981128,0.105216622915425
1296,"CLR_RF","test",0.88908307007637,0.861876466981128,0.151751463858467
1296,"ILR_RF","train",0.595037399387601,0.938092165951271,0.104113525661969
1296,"ILR_RF","train",0.595037399387601,0.938092165951271,0.0881399222076753
1296,"ILR_RF","train",0.595037399387601,0.938092165951271,0.09816769887032
1296,"ILR_RF","test",0.885437905484931,0.860725033630144,0.176940028661013
1296,"ILR_RF","test",0.885437905484931,0.860725033630144,0.104962072131595
1296,"ILR_RF","test",0.885437905484931,0.860725033630144,0.151950929586792
1344,"Dirichlet_RF","train",0.801053697090656,0.909308048903767,0.129045371387786
1344,"Dirichlet_RF","train",0.801053697090656,0.909308048903767,0.0979367704714539
1344,"Dirichlet_RF","train",0.801053697090656,0.909308048903767,0.122026865323589
1344,"Dirichlet_RF","test",0.873926809998866,0.894513762130968,0.124052810454179
1344,"Dirichlet_RF","test",0.873926809998866,0.894513762130968,0.124537917165775
1344,"Dirichlet_RF","test",0.873926809998866,0.894513762130968,0.129392096148975
1344,"Dirichlet_regression","train",0.774456997289902,0.913689214016968,0.123543628395112
1344,"Dirichlet_regression","train",0.774456997289902,0.913689214016968,0.100984539589314
1344,"Dirichlet_regression","train",0.774456997289902,0.913689214016968,0.116990672906123
1344,"Dirichlet_regression","test",0.809142125423173,0.91187420089055,0.118367476360894
1344,"Dirichlet_regression","test",0.809142125423173,0.91187420089055,0.123552207791698
1344,"Dirichlet_regression","test",0.809142125423173,0.91187420089055,0.102589209137302
1344,"CLR_RF","train",0.671504789495598,0.934634917718203,0.107685049330145
1344,"CLR_RF","train",0.671504789495598,0.934634917718203,0.0891223310810634
1344,"CLR_RF","train",0.671504789495598,0.934634917718203,0.100541451622532
1344,"CLR_RF","test",0.820855568651918,0.901048327241287,0.124313906081686
1344,"CLR_RF","test",0.820855568651918,0.901048327241287,0.135014651435845
1344,"CLR_RF","test",0.820855568651918,0.901048327241287,0.104914136335452
1344,"ILR_RF","train",0.669979064513737,0.933768660324518,0.108896412509494
1344,"ILR_RF","train",0.669979064513737,0.933768660324518,0.0890181070297303
1344,"ILR_RF","train",0.669979064513737,0.933768660324518,0.101280289088762
1344,"ILR_RF","test",0.818742855757869,0.901853952742816,0.123917857618994
1344,"ILR_RF","test",0.818742855757869,0.901853952742816,0.135401501386073
1344,"ILR_RF","test",0.818742855757869,0.901853952742816,0.103135008413004
1392,"Dirichlet_RF","train",0.733118795395801,0.904196413540415,0.131712594551951
1392,"Dirichlet_RF","train",0.733118795395801,0.904196413540415,0.10792670386224
1392,"Dirichlet_RF","train",0.733118795395801,0.904196413540415,0.123475138502601
1392,"Dirichlet_RF","test",0.724611833744808,0.901414312451713,0.124820187684917
1392,"Dirichlet_RF","test",0.724611833744808,0.901414312451713,0.108822794096764
1392,"Dirichlet_RF","test",0.724611833744808,0.901414312451713,0.127432698458167
1392,"Dirichlet_regression","train",0.710158957254748,0.909133920068179,0.12772599343735
1392,"Dirichlet_regression","train",0.710158957254748,0.909133920068179,0.107419150070694
1392,"Dirichlet_regression","train",0.710158957254748,0.909133920068179,0.118783528938481
1392,"Dirichlet_regression","test",0.703269859841306,0.912458264589731,0.115879101757292
1392,"Dirichlet_regression","test",0.703269859841306,0.912458264589731,0.105330152847403
1392,"Dirichlet_regression","test",0.703269859841306,0.912458264589731,0.119365095119903
1392,"CLR_RF","train",0.618739636809808,0.929451417379195,0.113470184716107
1392,"CLR_RF","train",0.618739636809808,0.929451417379195,0.0952309878650965
1392,"CLR_RF","train",0.618739636809808,0.929451417379195,0.103127116426888
1392,"CLR_RF","test",0.759100774513162,0.891961380012411,0.130450849630943
1392,"CLR_RF","test",0.759100774513162,0.891961380012411,0.114302627369028
1392,"CLR_RF","test",0.759100774513162,0.891961380012411,0.13328753458349
1392,"ILR_RF","train",0.619989116139122,0.928529907681726,0.114353129833527
1392,"ILR_RF","train",0.619989116139122,0.928529907681726,0.0956640942499643
1392,"ILR_RF","train",0.619989116139122,0.928529907681726,0.103811973076206
1392,"ILR_RF","test",0.756405111498607,0.893060649133128,0.130614236002828
1392,"ILR_RF","test",0.756405111498607,0.893060649133128,0.113529880335566
1392,"ILR_RF","test",0.756405111498607,0.893060649133128,0.13195501361777
1440,"Dirichlet_RF","train",0.785457205217083,0.886657902020092,0.146068541904111
1440,"Dirichlet_RF","train",0.785457205217083,0.886657902020092,0.108676398437876
1440,"Dirichlet_RF","train",0.785457205217083,0.886657902020092,0.13437258400784
1440,"Dirichlet_RF","test",0.627278258649703,0.910638459988177,0.119359944116188
1440,"Dirichlet_RF","test",0.627278258649703,0.910638459988177,0.0836058675214972
1440,"Dirichlet_RF","test",0.627278258649703,0.910638459988177,0.134255081235693
1440,"Dirichlet_regression","train",0.757928751691167,0.893950231373834,0.140124160580727
1440,"Dirichlet_regression","train",0.757928751691167,0.893950231373834,0.105999553327551
1440,"Dirichlet_regression","train",0.757928751691167,0.893950231373834,0.130527991432925
1440,"Dirichlet_regression","test",0.579361925133763,0.920282233238187,0.118068616469897
1440,"Dirichlet_regression","test",0.579361925133763,0.920282233238187,0.0801200015721289
1440,"Dirichlet_regression","test",0.579361925133763,0.920282233238187,0.121098063734658
1440,"CLR_RF","train",0.652667048112104,0.921607324792338,0.119143305691519
1440,"CLR_RF","train",0.652667048112104,0.921607324792338,0.0953775272724741
1440,"CLR_RF","train",0.652667048112104,0.921607324792338,0.110100330009161
1440,"CLR_RF","test",0.63821178646933,0.906396983460131,0.124490500306845
1440,"CLR_RF","test",0.63821178646933,0.906396983460131,0.0824748835143157
1440,"CLR_RF","test",0.63821178646933,0.906396983460131,0.137203039179369
1440,"ILR_RF","train",0.654303033304981,0.921022834396073,0.119305333859156
1440,"ILR_RF","train",0.654303033304981,0.921022834396073,0.0963812480081764
1440,"ILR_RF","train",0.654303033304981,0.921022834396073,0.110249807157974
1440,"ILR_RF","test",0.62852330859658,0.90875077221486,0.12305268612599
1440,"ILR_RF","test",0.62852330859658,0.90875077221486,0.0818415980182837
1440,"ILR_RF","test",0.62852330859658,0.90875077221486,0.135094458434314
1488,"Dirichlet_RF","train",0.727556240959341,0.901325610779991,0.145476172465614
1488,"Dirichlet_RF","train",0.727556240959341,0.901325610779991,0.100624735081575
1488,"Dirichlet_RF","train",0.727556240959341,0.901325610779991,0.118449664323559
1488,"Dirichlet_RF","test",0.716543510782877,0.903242687437998,0.137677969472117
1488,"Dirichlet_RF","test",0.716543510782877,0.903242687437998,0.100924689164973
1488,"Dirichlet_RF","test",0.716543510782877,0.903242687437998,0.12449099475321
1488,"Dirichlet_regression","train",0.737659833681214,0.90492647126111,0.142221973212359
1488,"Dirichlet_regression","train",0.737659833681214,0.90492647126111,0.104232797416373
1488,"Dirichlet_regression","train",0.737659833681214,0.90492647126111,0.112132133168284
1488,"Dirichlet_regression","test",0.657632435308716,0.917762952711733,0.129860183642801
1488,"Dirichlet_regression","test",0.657632435308716,0.917762952711733,0.0964706428809955
1488,"Dirichlet_regression","test",0.657632435308716,0.917762952711733,0.108488901034265
1488,"CLR_RF","train",0.623377136806408,0.92401762145942,0.128553686263366
1488,"CLR_RF","train",0.623377136806408,0.92401762145942,0.0894575724435458
1488,"CLR_RF","train",0.623377136806408,0.92401762145942,0.101824987277064
1488,"CLR_RF","test",0.690275061962779,0.914030205305356,0.131606994063148
1488,"CLR_RF","test",0.690275061962779,0.914030205305356,0.0983204206877935
1488,"CLR_RF","test",0.690275061962779,0.914030205305356,0.112582824375216
1488,"ILR_RF","train",0.624763860977591,0.92377336253575,0.12876852056599
1488,"ILR_RF","train",0.624763860977591,0.92377336253575,0.0894028879089082
1488,"ILR_RF","train",0.624763860977591,0.92377336253575,0.102151896949404
1488,"ILR_RF","test",0.684340912462139,0.915104073527002,0.130762775639072
1488,"ILR_RF","test",0.684340912462139,0.915104073527002,0.0981887640959372
1488,"ILR_RF","test",0.684340912462139,0.915104073527002,0.111475701136719
1536,"Dirichlet_RF","train",0.781927286149036,0.890641210398117,0.146295256897719
1536,"Dirichlet_RF","train",0.781927286149036,0.890641210398117,0.0916536275225286
1536,"Dirichlet_RF","train",0.781927286149036,0.890641210398117,0.141158838703548
1536,"Dirichlet_RF","test",0.905897960123902,0.884700163403596,0.155025241360651
1536,"Dirichlet_RF","test",0.905897960123902,0.884700163403596,0.106523177919269
1536,"Dirichlet_RF","test",0.905897960123902,0.884700163403596,0.137921400025868
1536,"Dirichlet_regression","train",0.756632256948205,0.89705295716475,0.14174054192251
1536,"Dirichlet_regression","train",0.756632256948205,0.89705295716475,0.093376309605999
1536,"Dirichlet_regression","train",0.756632256948205,0.89705295716475,0.13417671166224
1536,"Dirichlet_regression","test",0.825041848140809,0.896847862646874,0.143683087326651
1536,"Dirichlet_regression","test",0.825041848140809,0.896847862646874,0.110191108095292
1536,"Dirichlet_regression","test",0.825041848140809,0.896847862646874,0.126030647611103
1536,"CLR_RF","train",0.654016365737336,0.927477508464829,0.119004213012908
1536,"CLR_RF","train",0.654016365737336,0.927477508464829,0.079970343586786
1536,"CLR_RF","train",0.654016365737336,0.927477508464829,0.111448424900852
1536,"CLR_RF","test",0.845341563074157,0.89587052577743,0.143123897991992
1536,"CLR_RF","test",0.845341563074157,0.89587052577743,0.110022535975383
1536,"CLR_RF","test",0.845341563074157,0.89587052577743,0.12861712833602
1536,"ILR_RF","train",0.660001321849457,0.925982232910187,0.120107073913451
1536,"ILR_RF","train",0.660001321849457,0.925982232910187,0.0804999777816135
1536,"ILR_RF","train",0.660001321849457,0.925982232910187,0.112924745149729
1536,"ILR_RF","test",0.844302515390337,0.894216519796118,0.144995915856915
1536,"ILR_RF","test",0.844302515390337,0.894216519796118,0.11017722229582
1536,"ILR_RF","test",0.844302515390337,0.894216519796118,0.129419294557837
1584,"Dirichlet_RF","train",0.796352643484443,0.907778395092522,0.128543998958631
1584,"Dirichlet_RF","train",0.796352643484443,0.907778395092522,0.113695278594794
1584,"Dirichlet_RF","train",0.796352643484443,0.907778395092522,0.118749804113636
1584,"Dirichlet_RF","test",0.756566721893086,0.918643214908859,0.103001493517813
1584,"Dirichlet_RF","test",0.756566721893086,0.918643214908859,0.109050232259392
1584,"Dirichlet_RF","test",0.756566721893086,0.918643214908859,0.116576780104284
1584,"Dirichlet_regression","train",0.768274482852312,0.911473696220704,0.122308326160518
1584,"Dirichlet_regression","train",0.768274482852312,0.911473696220704,0.112738647642433
1584,"Dirichlet_regression","train",0.768274482852312,0.911473696220704,0.118900189970438
1584,"Dirichlet_regression","test",0.707564240026513,0.929025500632456,0.0992008725621702
1584,"Dirichlet_regression","test",0.707564240026513,0.929025500632456,0.101463435262128
1584,"Dirichlet_regression","test",0.707564240026513,0.929025500632456,0.106536316009389
1584,"CLR_RF","train",0.652350784781286,0.931522210963073,0.108594186439371
1584,"CLR_RF","train",0.652350784781286,0.931522210963073,0.0983100327749769
1584,"CLR_RF","train",0.652350784781286,0.931522210963073,0.104312535368585
1584,"CLR_RF","test",0.720123550665418,0.919121513035033,0.103138469994313
1584,"CLR_RF","test",0.720123550665418,0.919121513035033,0.109796707829671
1584,"CLR_RF","test",0.720123550665418,0.919121513035033,0.114831891722828
1584,"ILR_RF","train",0.652845483002478,0.931104491307422,0.109299802675532
1584,"ILR_RF","train",0.652845483002478,0.931104491307422,0.0982697780286219
1584,"ILR_RF","train",0.652845483002478,0.931104491307422,0.104558773201774
1584,"ILR_RF","test",0.721551206763798,0.919817468559775,0.101887081487252
1584,"ILR_RF","test",0.721551206763798,0.919817468559775,0.110544431687375
1584,"ILR_RF","test",0.721551206763798,0.919817468559775,0.113883434410035
1632,"Dirichlet_RF","train",0.732185899531993,0.907109517611565,0.126373834543035
1632,"Dirichlet_RF","train",0.732185899531993,0.907109517611565,0.10827554161821
1632,"Dirichlet_RF","train",0.732185899531993,0.907109517611565,0.115898293967794
1632,"Dirichlet_RF","test",0.744385055361068,0.904888665708405,0.130145748662938
1632,"Dirichlet_RF","test",0.744385055361068,0.904888665708405,0.100072281338537
1632,"Dirichlet_RF","test",0.744385055361068,0.904888665708405,0.134575010231176
1632,"Dirichlet_regression","train",0.71239571221613,0.911831621037349,0.118249361647963
1632,"Dirichlet_regression","train",0.71239571221613,0.911831621037349,0.110660127609379
1632,"Dirichlet_regression","train",0.71239571221613,0.911831621037349,0.113168515878539
1632,"Dirichlet_regression","test",0.677840132207038,0.935270518062869,0.10920380017292
1632,"Dirichlet_regression","test",0.677840132207038,0.935270518062869,0.0886672969297058
1632,"Dirichlet_regression","test",0.677840132207038,0.935270518062869,0.104311215538717
1632,"CLR_RF","train",0.613788818031721,0.936066851675793,0.104847567191598
1632,"CLR_RF","train",0.613788818031721,0.936066851675793,0.0940761768347919
1632,"CLR_RF","train",0.613788818031721,0.936066851675793,0.0919915071297864
1632,"CLR_RF","test",0.739935490280644,0.915962103421785,0.112988500157043
1632,"CLR_RF","test",0.739935490280644,0.915962103421785,0.107963531938341
1632,"CLR_RF","test",0.739935490280644,0.915962103421785,0.124071753248823
1632,"ILR_RF","train",0.615214868763631,0.935374553654636,0.10599151231479
1632,"ILR_RF","train",0.615214868763631,0.935374553654636,0.094474336363458
1632,"ILR_RF","train",0.615214868763631,0.935374553654636,0.0919384796954434
1632,"ILR_RF","test",0.737662272588312,0.916918133865709,0.112253977323274
1632,"ILR_RF","test",0.737662272588312,0.916918133865709,0.107220599267488
1632,"ILR_RF","test",0.737662272588312,0.916918133865709,0.123556283680155
1680,"Dirichlet_RF","train",0.722561283063916,0.914831668350821,0.120001624031983
1680,"Dirichlet_RF","train",0.722561283063916,0.914831668350821,0.106213198024484
1680,"Dirichlet_RF","train",0.722561283063916,0.914831668350821,0.114711636817122
1680,"Dirichlet_RF","test",0.701989625484903,0.88385502034185,0.153702479617426
1680,"Dirichlet_RF","test",0.701989625484903,0.88385502034185,0.115525834336884
1680,"Dirichlet_RF","test",0.701989625484903,0.88385502034185,0.128068846426948
1680,"Dirichlet_regression","train",0.717921362303064,0.91621171434945,0.118552022370787
1680,"Dirichlet_regression","train",0.717921362303064,0.91621171434945,0.105983886135348
1680,"Dirichlet_regression","train",0.717921362303064,0.91621171434945,0.113683186287156
1680,"Dirichlet_regression","test",0.661051059375175,0.905724929852336,0.13854964423878
1680,"Dirichlet_regression","test",0.661051059375175,0.905724929852336,0.10416925433258
1680,"Dirichlet_regression","test",0.661051059375175,0.905724929852336,0.115217819281316
1680,"CLR_RF","train",0.63236192298958,0.93363961992276,0.105882056254051
1680,"CLR_RF","train",0.63236192298958,0.93363961992276,0.0957241629604735
1680,"CLR_RF","train",0.63236192298958,0.93363961992276,0.0994436487762404
1680,"CLR_RF","test",0.68051605923257,0.896152527798582,0.145896060114784
1680,"CLR_RF","test",0.68051605923257,0.896152527798582,0.103543228200282
1680,"CLR_RF","test",0.68051605923257,0.896152527798582,0.125356870901057
1680,"ILR_RF","train",0.634586682489007,0.932868415228331,0.106744023725073
1680,"ILR_RF","train",0.634586682489007,0.932868415228331,0.0963293485500551
1680,"ILR_RF","train",0.634586682489007,0.932868415228331,0.099705750802007
1680,"ILR_RF","test",0.685929070427068,0.891362427241104,0.149100621010569
1680,"ILR_RF","test",0.685929070427068,0.891362427241104,0.108127827339262
1680,"ILR_RF","test",0.685929070427068,0.891362427241104,0.126490261963315
1728,"Dirichlet_RF","train",0.712761957175612,0.901520615335541,0.135995421064845
1728,"Dirichlet_RF","train",0.712761957175612,0.901520615335541,0.108627952804398
1728,"Dirichlet_RF","train",0.712761957175612,0.901520615335541,0.119113233549032
1728,"Dirichlet_RF","test",0.793719064765889,0.891071869557395,0.135730489782286
1728,"Dirichlet_RF","test",0.793719064765889,0.891071869557395,0.113007521205949
1728,"Dirichlet_RF","test",0.793719064765889,0.891071869557395,0.138601817978089
1728,"Dirichlet_regression","train",0.703065581142238,0.907369498045843,0.129037365042294
1728,"Dirichlet_regression","train",0.703065581142238,0.907369498045843,0.112078275310607
1728,"Dirichlet_regression","train",0.703065581142238,0.907369498045843,0.112377268587087
1728,"Dirichlet_regression","test",0.750364461789769,0.904499953898843,0.13150371359445
1728,"Dirichlet_regression","test",0.750364461789769,0.904499953898843,0.110465204903935
1728,"Dirichlet_regression","test",0.750364461789769,0.904499953898843,0.121221332104568
1728,"CLR_RF","train",0.610400352539774,0.92959891979299,0.112599257676651
1728,"CLR_RF","train",0.610400352539774,0.92959891979299,0.0987564741640243
1728,"CLR_RF","train",0.610400352539774,0.92959891979299,0.0967907838937684
1728,"CLR_RF","test",0.736700101957054,0.907894288352367,0.123023172196127
1728,"CLR_RF","test",0.736700101957054,0.907894288352367,0.11278550321236
1728,"CLR_RF","test",0.736700101957054,0.907894288352367,0.121509178655618
1728,"ILR_RF","train",0.611094571962732,0.929819217668072,0.112323694962416
1728,"ILR_RF","train",0.611094571962732,0.929819217668072,0.0989960786190189
1728,"ILR_RF","train",0.611094571962732,0.929819217668072,0.0963511606229982
1728,"ILR_RF","test",0.736842906062357,0.908557788892161,0.122220907515444
1728,"ILR_RF","test",0.736842906062357,0.908557788892161,0.112588796193597
1728,"ILR_RF","test",0.736842906062357,0.908557788892161,0.121237554423263
1776,"Dirichlet_RF","train",0.773535249312961,0.896016238982615,0.140044212803647
1776,"Dirichlet_RF","train",0.773535249312961,0.896016238982615,0.108907706604827
1776,"Dirichlet_RF","train",0.773535249312961,0.896016238982615,0.120858764879498
1776,"Dirichlet_RF","test",0.909295910132754,0.874239440963774,0.15522414040939
1776,"Dirichlet_RF","test",0.909295910132754,0.874239440963774,0.112855684035531
1776,"Dirichlet_RF","test",0.909295910132754,0.874239440963774,0.149957317939718
1776,"Dirichlet_regression","train",0.756573763554215,0.901108866962322,0.136150462621689
1776,"Dirichlet_regression","train",0.756573763554215,0.901108866962322,0.106497109130934
1776,"Dirichlet_regression","train",0.756573763554215,0.901108866962322,0.118087868382028
1776,"Dirichlet_regression","test",0.864314593355126,0.887376044786702,0.139890325615399
1776,"Dirichlet_regression","test",0.864314593355126,0.887376044786702,0.109808903904004
1776,"Dirichlet_regression","test",0.864314593355126,0.887376044786702,0.146610462186143
1776,"CLR_RF","train",0.650782571584166,0.925738201282785,0.118843396150971
1776,"CLR_RF","train",0.650782571584166,0.925738201282785,0.093683629637544
1776,"CLR_RF","train",0.650782571584166,0.925738201282785,0.100042650414186
1776,"CLR_RF","test",0.87121304206373,0.89189143701653,0.134980633975323
1776,"CLR_RF","test",0.87121304206373,0.89189143701653,0.109005713260121
1776,"CLR_RF","test",0.87121304206373,0.89189143701653,0.144534115734144
1776,"ILR_RF","train",0.652030716712216,0.925246031907406,0.119157288445764
1776,"ILR_RF","train",0.652030716712216,0.925246031907406,0.094493047143325
1776,"ILR_RF","train",0.652030716712216,0.925246031907406,0.0999980764740178
1776,"ILR_RF","test",0.862920129810876,0.893258599986873,0.135248477448038
1776,"ILR_RF","test",0.862920129810876,0.893258599986873,0.106793622455302
1776,"ILR_RF","test",0.862920129810876,0.893258599986873,0.143701921946191
1824,"Dirichlet_RF","train",0.736099203693741,0.900461228006052,0.130031914465699
1824,"Dirichlet_RF","train",0.736099203693741,0.900461228006052,0.106997401912408
1824,"Dirichlet_RF","train",0.736099203693741,0.900461228006052,0.123910351525528
1824,"Dirichlet_RF","test",0.768943699230206,0.895467559039775,0.147285442348461
1824,"Dirichlet_RF","test",0.768943699230206,0.895467559039775,0.0865575164410825
1824,"Dirichlet_RF","test",0.768943699230206,0.895467559039775,0.135480953308015
1824,"Dirichlet_regression","train",0.71483634653965,0.904397924531068,0.126742573796562
1824,"Dirichlet_regression","train",0.71483634653965,0.904397924531068,0.104107004495934
1824,"Dirichlet_regression","train",0.71483634653965,0.904397924531068,0.122800023661185
1824,"Dirichlet_regression","test",0.759932989556971,0.901921589857926,0.137528247314724
1824,"Dirichlet_regression","test",0.759932989556971,0.901921589857926,0.0886435305632582
1824,"Dirichlet_regression","test",0.759932989556971,0.901921589857926,0.133541648243597
1824,"CLR_RF","train",0.613805413727494,0.928470149120112,0.109429028994573
1824,"CLR_RF","train",0.613805413727494,0.928470149120112,0.090407691754184
1824,"CLR_RF","train",0.613805413727494,0.928470149120112,0.106125780607678
1824,"CLR_RF","test",0.746317966321039,0.905083253669121,0.135408492875433
1824,"CLR_RF","test",0.746317966321039,0.905083253669121,0.087368874275779
1824,"CLR_RF","test",0.746317966321039,0.905083253669121,0.131142645115175
1824,"ILR_RF","train",0.613728392735632,0.928710992027232,0.109089788093858
1824,"ILR_RF","train",0.613728392735632,0.928710992027232,0.0900529143034828
1824,"ILR_RF","train",0.613728392735632,0.928710992027232,0.106278284234423
1824,"ILR_RF","test",0.747830981838216,0.905785143695233,0.134607303020082
1824,"ILR_RF","test",0.747830981838216,0.905785143695233,0.0881216393226964
1824,"ILR_RF","test",0.747830981838216,0.905785143695233,0.130243662781971
1872,"Dirichlet_RF","train",0.747679820282717,0.90361532692493,0.125763496399581
1872,"Dirichlet_RF","train",0.747679820282717,0.90361532692493,0.107096075152594
1872,"Dirichlet_RF","train",0.747679820282717,0.90361532692493,0.131004285461227
1872,"Dirichlet_RF","test",0.830375290353426,0.880502279200897,0.137087556755695
1872,"Dirichlet_RF","test",0.830375290353426,0.880502279200897,0.117668076895063
1872,"Dirichlet_RF","test",0.830375290353426,0.880502279200897,0.154313252470047
1872,"Dirichlet_regression","train",0.72273037832724,0.911403265212782,0.119141077340177
1872,"Dirichlet_regression","train",0.72273037832724,0.911403265212782,0.106158302526313
1872,"Dirichlet_regression","train",0.72273037832724,0.911403265212782,0.12406663952766
1872,"Dirichlet_regression","test",0.74466507991409,0.906659577300392,0.118408523862714
1872,"Dirichlet_regression","test",0.74466507991409,0.906659577300392,0.113482945132905
1872,"Dirichlet_regression","test",0.74466507991409,0.906659577300392,0.131131808862592
1872,"CLR_RF","train",0.627990449409874,0.930090455323585,0.107325570683214
1872,"CLR_RF","train",0.627990449409874,0.930090455323585,0.0957110962933578
1872,"CLR_RF","train",0.627990449409874,0.930090455323585,0.10751582909622
1872,"CLR_RF","test",0.806941060046608,0.887501495978372,0.135605652140879
1872,"CLR_RF","test",0.806941060046608,0.887501495978372,0.118928534223868
1872,"CLR_RF","test",0.806941060046608,0.887501495978372,0.143568792947884
1872,"ILR_RF","train",0.626484048720063,0.930554175708335,0.107071647426295
1872,"ILR_RF","train",0.626484048720063,0.930554175708335,0.0950054351097675
1872,"ILR_RF","train",0.626484048720063,0.930554175708335,0.107400320416875
1872,"ILR_RF","test",0.801999960835539,0.889069408871107,0.133685611089538
1872,"ILR_RF","test",0.801999960835539,0.889069408871107,0.118644249361107
1872,"ILR_RF","test",0.801999960835539,0.889069408871107,0.143024111965419
1920,"Dirichlet_RF","train",0.756242682025256,0.905873792549595,0.13835759398587
1920,"Dirichlet_RF","train",0.756242682025256,0.905873792549595,0.102655655635
1920,"Dirichlet_RF","train",0.756242682025256,0.905873792549595,0.117909017457175
1920,"Dirichlet_RF","test",0.763461669723377,0.902859644740642,0.12255752173874
1920,"Dirichlet_RF","test",0.763461669723377,0.902859644740642,0.122190721832164
1920,"Dirichlet_RF","test",0.763461669723377,0.902859644740642,0.124602403442119
1920,"Dirichlet_regression","train",0.75279523159774,0.907383885133678,0.136366460267493
1920,"Dirichlet_regression","train",0.75279523159774,0.907383885133678,0.100842939516737
1920,"Dirichlet_regression","train",0.75279523159774,0.907383885133678,0.118824286874065
1920,"Dirichlet_regression","test",0.67949242263077,0.921140224654018,0.107135418330252
1920,"Dirichlet_regression","test",0.67949242263077,0.921140224654018,0.106207712190621
1920,"Dirichlet_regression","test",0.67949242263077,0.921140224654018,0.118997768951884
1920,"CLR_RF","train",0.646565492620286,0.927836177345209,0.121868175003012
1920,"CLR_RF","train",0.646565492620286,0.927836177345209,0.0899568364499378
1920,"CLR_RF","train",0.646565492620286,0.927836177345209,0.102323748837967
1920,"CLR_RF","test",0.721652205666789,0.91778475866704,0.106612682901086
1920,"CLR_RF","test",0.721652205666789,0.91778475866704,0.111773965925194
1920,"CLR_RF","test",0.721652205666789,0.91778475866704,0.120953451004426
1920,"ILR_RF","train",0.64609397640523,0.927033724384323,0.122766653023726
1920,"ILR_RF","train",0.64609397640523,0.927033724384323,0.089867283029131
1920,"ILR_RF","train",0.64609397640523,0.927033724384323,0.103140761379809
1920,"ILR_RF","test",0.726097843353283,0.915964850998061,0.107211674740574
1920,"ILR_RF","test",0.726097843353283,0.915964850998061,0.112381243702548
1920,"ILR_RF","test",0.726097843353283,0.915964850998061,0.123359358931202
